"","baseMean","log2FoldChange","lfcSE","stat","pvalue","padj"
"DUOX2",54378.7623320014,-0.614159769895407,0.13195178145464,-4.65442575405115,3.248848759763e-06,0.0498730773111218
