"","baseMean","log2FoldChange","lfcSE","stat","pvalue","padj"
"ADRA2B",91.0512591988353,1.01926243280788,0.211816191133105,4.81201379061422,1.49417040761413e-06,0.0231566529772038
