"","baseMean","log2FoldChange","lfcSE","stat","pvalue","padj"
"TFF3",16763.2544540174,0.984079457948296,0.188355686471298,5.22458056023836,1.74550321693461e-07,0.000292371788836547
"RPL21",12693.3202252215,0.279118228824041,0.0616661801230442,4.52627726035743,6.00318089020109e-06,0.00335538564138621
"RPL21P28",12693.185378584,0.279110905667738,0.0616676628995194,4.52604967570309,6.00964592487082e-06,0.00335538564138621
"RPS6",23339.0424517704,0.217641551672246,0.0518623449593694,4.19652354406174,2.71043297262833e-05,0.0113499380728811
"SERPINF1",5922.9721669721,0.53977355080292,0.13644837007809,3.95588126478905,7.62530293488351e-05,0.0255447648318598
