"","baseMean","log2FoldChange","lfcSE","stat","pvalue","padj"
"TPSB2",2484.39478456806,8.74786745205508,1.67540461049374,5.22134617349364,1.77627142429718e-07,0.00137643272668789
"EDIL3",384.600449603224,-4.16685245644331,0.79305864576234,-5.25415425291513,1.48706212458022e-07,0.00137643272668789
"TPSAB1",2757.01479426227,8.51232070664917,1.67480348429082,5.08257881386821,3.72344731974514e-07,0.00192353288538034
"CST1",22173.0980906493,10.942814651106,2.3864148183428,4.58546207767225,4.52983491415637e-06,0.0175508453748988
"KLF2",1267.17433238283,3.87258599035822,0.866381308033886,4.46984018981946,7.8278063063115e-06,0.0242630684270431
