"","baseMean","log2FoldChange","lfcSE","stat","pvalue","padj"
"ADGRG3",283.629656745739,1.09415234055447,0.231096079248118,4.73462095988105,2.19464854750401e-06,0.0347983473692236
