"","baseMean","log2FoldChange","lfcSE","stat","pvalue","padj"
"DQX1",332.829313143591,2.69325194560828,0.502453857755374,5.36019756647888,8.31309878020204e-08,0.00131812494258884
"CXCL6",2606.65786058984,-3.0883890641218,0.662809534197989,-4.65954230404788,3.16913262326578e-06,0.0251248834372511
"SEMA3B",350.164432417119,2.95863773006855,0.6545011896059,4.52044668070054,6.17092865226223e-06,0.0326154149034233
