"","baseMean","log2FoldChange","lfcSE","stat","pvalue","padj"
"DUOX2",54378.7623320014,-0.614159769895406,0.131951781456318,-4.65442575399196,3.2488487606962e-06,0.0498730773254473
