"","baseMean","log2FoldChange","lfcSE","stat","pvalue","padj"
"RN7SL3",1363.57210066463,-0.955407483540562,0.198560905235418,-4.8116595883153,1.49682143191755e-06,0.0275055906329168
