"","baseMean","log2FoldChange","lfcSE","stat","pvalue","padj"
"CYP2A6",3124.2886908967,0.655772137981781,0.132617744013995,4.9448295388932,7.62105207976156e-07,0.0139808200403226
"SEC16B",416.27258627564,-0.292371382675436,0.0623814048773739,-4.68683549609318,2.77461810491952e-06,0.0254501845673743
