"","baseMean","log2FoldChange","lfcSE","stat","pvalue","padj"
"CYP2A6",3124.2886908967,0.65864095101207,0.132608745292703,4.96679875492581,6.80671587032089e-07,0.0123807354965267
"SEC16B",416.27258627564,-0.294724192147955,0.0623852340820683,-4.72426202264855,2.30952485688916e-06,0.0210039738109784
