"","baseMean","log2FoldChange","lfcSE","stat","pvalue","padj"
"CST1",9526.91554539878,4.53699929518054,0.79510248685606,5.70618174409243,1.15538630427669e-08,0.000212302233410841
