"","baseMean","log2FoldChange","lfcSE","stat","pvalue","padj"
"AP002956.1",267.128873826992,0.760664031937417,0.13939885185718,5.45674531607155,4.84941136555302e-08,0.000869935904866556
"LGR6",239.604902586513,0.973965565905808,0.207951584030994,4.68361696038172,2.81856501655254e-06,0.0173847834671408
"AC018629.1",133.462482696558,0.848344525529394,0.183494424047167,4.62327141511029,3.77734953464417e-06,0.0173847834671408
"RNF165",108.345090538454,0.994653126258456,0.215390770177217,4.61790041161042,3.87642197829106e-06,0.0173847834671408
"AL118508.1",64.5513155084434,0.706363778225379,0.161846325307127,4.36441035584187,1.27466105995897e-05,0.0457322895092078
