"","baseMean","log2FoldChange","lfcSE","stat","pvalue","padj"
"SEC16B",416.27258627564,-0.583839818876866,0.125783310748689,-4.64163183018262,3.45668371052827e-06,0.0315958174560836
"CYP2A6",3124.2886908967,1.28135586836658,0.270027605405299,4.74527730764164,2.08220878554011e-06,0.0315958174560836
