"","baseMean","log2FoldChange","lfcSE","stat","pvalue","padj"
"CST1",9526.91554539878,3.92443907167003,0.778942799253285,5.03816079361938,4.700265113055e-07,0.00862028621734287
