"","baseMean","log2FoldChange","lfcSE","stat","pvalue","padj"
"DQX1",332.829313143591,2.69325194560814,0.502453857777645,5.36019756624102,8.3130987911478e-08,0.0013181249443244
"CXCL6",2606.65786058984,-3.08838906412177,0.662809534172414,-4.65954230422763,3.16913262049845e-06,0.0251248834153117
"SEMA3B",350.164432417119,2.95863773006852,0.654501189598112,4.52044668075429,6.17092865069525e-06,0.0326154148951413
