"","baseMean","log2FoldChange","lfcSE","stat","pvalue","padj"
"BPIFA1",31673.0621496582,-8.96724625111245,1.9225361433895,-4.66427967138389,3.0969995154699e-06,0.0489945323347338
