"","baseMean","log2FoldChange","lfcSE","stat","pvalue","padj"
"ADRA2B",91.0512591988353,1.01926243280751,0.211816191136209,4.81201379054199,1.49417040815432e-06,0.0231566529855756
